Police Force Area code,Police Force Area name,Community Safety Partnership code,Community Safety Partnership name,Local Authority code,Local Authority name,Population figures (mid-2020) - rounded to 100,Household figures (mid-2019) - rounded to 100,"Total recorded crime
 (excluding fraud)",Violence against the person,Homicide,Death or serious injury caused by illegal driving,Violence with injury,Violence without injury,Stalking and harassment,Sexual offences,Robbery,Theft offences,Burglary,"Residential burglary (per 1,000 population)","Residential burglary (per 1,000 household)",Non-residential burglary,Vehicle offences,Theft from the person,Bicycle theft,Shoplifting,All other theft offences,Criminal damage and arson,Drug offences,Possession of weapons offences,Public order offences,Miscellaneous crimes against society
E23000036,Avon and Somerset,,,,,1729500,730600,72,26,0,0,6,11,9,2,1,20,4,3,6,1,5,0,2,4,5,8,2,0,11,1
E23000036,Avon and Somerset,E22000001,Bath and North East Somerset,E06000022,Bath and North East Somerset,196400,78700,55,18,0,0,5,7,6,2,1,17,3,2,6,1,4,0,1,4,5,6,1,0,8,1
E23000036,Avon and Somerset,E22000002,"Bristol, City of",E06000023,"Bristol, City of ",465900,194200,104,34,0,0,8,15,11,3,2,32,6,4,11,1,10,1,4,5,7,12,3,1,16,2
E23000036,Avon and Somerset,E22000003,North Somerset,E06000024,North Somerset,215600,95100,62,26,0,0,6,11,8,2,0,15,3,2,5,1,4,0,1,2,4,7,2,0,10,1
E23000036,Avon and Somerset,E22000369,Somerset,Combined Local Authorities,,563900,245000,62,25,0,0,6,10,9,2,0,13,3,2,4,1,2,0,1,3,5,7,2,0,10,1
E23000036,Avon and Somerset,E22000006,South Gloucestershire,E06000025,South Gloucestershire,287800,117600,55,20,0,0,4,8,7,2,0,17,3,2,5,1,4,0,1,4,4,6,1,0,7,1
E23000036,Avon and Somerset,,Unassigned Avon and Somerset,,,[x],[x],[x],[x],[x],[x],[x],[x],[x],[x],[x],[x],[x],[x],[x],[x],[x],[x],[x],[x],[x],[x],[x],[x],[x],[x]
E23000026,Bedfordshire,,,,,682300,265900,71,26,0,0,6,11,8,2,1,23,4,3,8,1,7,1,1,4,6,7,3,1,8,2
E23000026,Bedfordshire,E22000009,Bedford,E06000055,Bedford,174700,70500,82,29,0,0,7,13,9,2,1,27,6,4,10,2,8,1,2,5,6,8,3,1,9,2
E23000026,Bedfordshire,E22000353,Central Bedfordshire,E06000056,Central Bedfordshire,294100,117800,51,18,0,0,4,7,7,1,1,18,3,2,6,1,6,0,1,3,5,5,1,0,6,1
E23000026,Bedfordshire,E22000010,Luton,E06000032,Luton,213500,77500,86,33,0,0,8,15,10,2,1,25,4,3,9,1,8,1,1,5,6,8,4,1,10,2
E23000026,Bedfordshire,,Unassigned Bedfordshire,,,[x],[x],[x],[x],[x],[x],[x],[x],[x],[x],[x],[x],[x],[x],[x],[x],[x],[x],[x],[x],[x],[x],[x],[x],[x],[x]
E23000023,Cambridgeshire,,,,,859800,343500,73,27,0,0,6,13,9,3,1,22,4,2,6,2,5,1,4,3,6,8,2,1,8,2
E23000023,Cambridgeshire,E22000013,Cambridge,E07000008,Cambridge,125100,44300,98,30,0,0,6,16,8,3,1,38,4,3,7,1,5,1,17,5,7,9,3,1,11,2
E23000023,Cambridgeshire,E22000014,East Cambridgeshire,E07000009,East Cambridgeshire,90200,37500,49,19,0,0,4,9,7,2,0,15,4,2,5,2,3,0,1,2,4,6,1,0,5,1
E23000023,Cambridgeshire,E22000015,Fenland,E07000010,Fenland,102100,43700,70,30,0,0,7,13,9,2,0,18,4,2,4,2,3,0,1,3,6,9,2,1,7,2
E23000023,Cambridgeshire,E22000016,Huntingdonshire,E07000011,Huntingdonshire,179000,74600,55,21,0,0,4,9,7,2,0,15,3,2,4,1,4,0,1,2,5,6,2,0,5,1
E23000023,Cambridgeshire,E22000017,Peterborough,E06000031,Peterborough,202600,79200,101,40,0,0,8,20,12,4,1,27,4,3,8,1,7,1,3,5,7,11,4,1,11,3
E23000023,Cambridgeshire,E22000018,South Cambridgeshire,E07000012,South Cambridgeshire,160900,64200,42,15,0,0,3,7,5,1,0,13,4,2,6,2,4,0,1,1,4,5,1,0,4,1
E23000023,Cambridgeshire,,Unassigned Cambridgeshire,,,[x],[x],[x],[x],[x],[x],[x],[x],[x],[x],[x],[x],[x],[x],[x],[x],[x],[x],[x],[x],[x],[x],[x],[x],[x],[x]
E23000006,Cheshire,,,,,1069600,463600,82,38,0,0,9,12,17,3,0,15,3,2,5,1,2,0,1,4,5,8,2,0,14,2
E23000006,Cheshire,E22000354,Cheshire East,E06000049,Cheshire East,386700,168100,73,33,0,0,8,11,15,3,0,15,3,3,6,1,2,0,1,4,5,7,1,0,12,1
E23000006,Cheshire,E22000355,Cheshire West and Chester,E06000050,Cheshire West and Chester,343800,149000,79,37,0,0,9,12,17,3,0,14,2,2,4,1,2,0,1,4,5,8,2,0,14,2
E23000006,Cheshire,E22000023,Halton,E06000006,Halton,129800,55700,106,50,0,0,11,16,23,4,1,17,4,3,7,1,3,0,1,4,5,10,3,1,18,2
E23000006,Cheshire,,Unassigned Cheshire,,,[x],[x],[x],[x],[x],[x],[x],[x],[x],[x],[x],[x],[x],[x],[x],[x],[x],[x],[x],[x],[x],[x],[x],[x],[x],[x]
E23000006,Cheshire,E22000026,Warrington,E06000007,Warrington,209400,90800,84,38,0,0,9,12,16,3,1,17,3,2,5,1,3,0,1,4,5,8,2,0,15,2
E23000034,City of London [note 9],E22000180,City of London,E09000001,City of London,10900,4300,[u1],[u1],[u1],[u1],[u1],[u1],[u1],[u1],[u1],[u1],[u1],[u1],[u1],[u1],[u1],[u1],[u1],[u1],[u1],[u1],[u1],[u1],[u1],[u1]
E23000013,Cleveland,,,,,569800,244100,115,45,0,0,10,16,18,4,1,28,7,5,12,1,5,1,1,8,8,16,4,1,13,3
E23000013,Cleveland,E22000027,Hartlepool,E06000001,Hartlepool,93800,41900,121,46,0,0,10,17,20,4,1,31,7,6,13,2,4,0,1,9,9,16,5,1,13,4
E23000013,Cleveland,E22000029,Middlesbrough,E06000002,Middlesbrough,141300,57100,154,58,0,0,13,22,22,5,2,39,10,8,20,2,8,1,2,9,10,21,6,1,17,4
E23000013,Cleveland,E22000028,Redcar and Cleveland,E06000003,Redcar and Cleveland,137200,62400,98,37,0,0,8,13,16,3,1,26,6,4,10,2,5,0,1,8,7,16,2,1,10,3
E23000013,Cleveland,E22000030,Stockton-on-Tees,E06000004,Stockton-on-Tees,197400,82600,96,39,0,0,8,14,17,4,1,21,4,3,8,1,3,1,1,6,6,13,3,1,11,3
E23000013,Cleveland,,Unassigned Cleveland,,,[x],[x],[x],[x],[x],[x],[x],[x],[x],[x],[x],[x],[x],[x],[x],[x],[x],[x],[x],[x],[x],[x],[x],[x],[x],[x]
E23000002,Cumbria,,,,,499800,226400,64,28,0,0,8,10,10,3,0,12,3,2,4,1,1,0,0,3,4,9,2,0,8,1
E23000002,Cumbria,E22000031,Allerdale,E07000026,Allerdale,97800,43700,64,28,0,0,8,10,10,3,0,12,3,2,4,1,1,0,0,2,5,9,3,0,8,1
E23000002,Cumbria,E22000032,Barrow-in-Furness,E07000027,Barrow-in-Furness,66700,31300,84,40,0,0,11,14,15,3,0,13,3,2,5,1,1,0,1,4,5,12,3,1,11,2
E23000002,Cumbria,E22000033,Carlisle,E07000028,Carlisle,108500,49500,84,36,0,0,9,14,13,3,0,16,3,2,5,1,2,0,1,5,5,13,3,1,11,2
E23000002,Cumbria,E22000034,Copeland,E07000029,Copeland,68000,29800,61,27,0,0,8,9,10,2,0,10,2,2,4,1,1,0,0,2,4,10,1,0,9,1
E23000002,Cumbria,E22000035,Eden,E07000030,Eden,53800,24100,47,19,0,0,5,7,7,2,0,12,3,1,3,1,2,0,0,2,5,5,2,0,5,1
E23000002,Cumbria,E22000036,South Lakeland,E07000031,South Lakeland,104900,48000,42,18,0,0,6,7,6,2,0,9,2,1,3,1,1,0,0,2,3,5,2,0,5,1
E23000002,Cumbria,,Unassigned Cumbria,,,[x],[x],[x],[x],[x],[x],[x],[x],[x],[x],[x],[x],[x],[x],[x],[x],[x],[x],[x],[x],[x],[x],[x],[x],[x],[x]
E23000018,Derbyshire,,,,,1064000,458300,74,31,0,0,8,11,11,3,1,18,4,3,7,1,4,0,1,4,5,9,3,1,9,2
E23000018,Derbyshire,E22000037,Amber Valley,E07000032,Amber Valley,128800,55900,59,25,0,0,6,9,9,2,0,13,3,2,5,1,3,0,0,3,4,7,1,1,7,2
E23000018,Derbyshire,E22000038,Bolsover,E07000033,Bolsover,81300,35300,63,26,0,0,7,9,10,2,0,14,3,2,4,1,4,0,0,2,4,9,2,1,8,2
E23000018,Derbyshire,E22000039,Chesterfield,E07000034,Chesterfield,104900,48200,86,35,0,0,9,12,14,3,0,23,5,4,8,1,5,0,0,6,6,9,3,1,9,2
E23000018,Derbyshire,E22000040,Derby,E06000015,Derby,256800,104500,110,45,0,0,11,19,15,4,1,27,6,4,10,2,5,1,2,5,8,11,5,1,13,3
E23000018,Derbyshire,E22000041,Derbyshire Dales,E07000035,Derbyshire Dales,72400,32300,43,17,0,0,5,6,6,1,0,11,3,2,4,1,2,0,0,2,4,5,2,0,4,2
E23000018,Derbyshire,E22000042,Erewash,E07000036,Erewash,115300,51200,67,26,0,0,7,9,10,2,0,19,3,2,6,1,4,0,1,6,5,8,2,1,8,2
E23000018,Derbyshire,E22000043,High Peak,E07000037,High Peak,92600,41200,58,23,0,0,6,8,9,2,0,15,4,4,8,1,3,0,0,2,4,8,1,0,7,1
E23000018,Derbyshire,E22000044,North East Derbyshire,E07000038,North East Derbyshire,102200,45100,52,23,0,0,6,8,10,2,0,10,3,2,4,1,3,0,0,1,4,7,1,1,6,1
E23000018,Derbyshire,E22000045,South Derbyshire,E07000039,South Derbyshire,109500,44800,51,22,0,0,6,8,9,2,0,10,2,2,4,1,3,0,0,2,3,6,2,0,6,1
E23000018,Derbyshire,,Unassigned Derbyshire,,,[x],[x],[x],[x],[x],[x],[x],[x],[x],[x],[x],[x],[x],[x],[x],[x],[x],[x],[x],[x],[x],[x],[x],[x],[x],[x]
E23000035,Devon and Cornwall,,,,,1785300,771200,53,24,0,0,8,9,7,3,0,10,2,1,2,1,2,0,0,2,4,7,3,1,4,1
E23000035,Devon and Cornwall,E22000356,Cornwall,E06000052,Cornwall,573300,247300,48,22,0,0,8,7,7,2,0,9,2,1,2,1,1,0,0,2,4,7,2,1,4,1
E23000035,Devon and Cornwall,E22000362,East and Mid Devon,Combined Local Authorities,,231400,100300,36,16,0,0,5,6,5,2,0,7,1,1,1,1,1,0,0,1,3,5,2,0,3,1
E23000035,Devon and Cornwall,E22000049,Exeter,E07000041,Exeter,133300,54100,64,27,0,0,9,11,7,3,0,14,2,1,3,1,2,0,1,3,5,8,4,1,6,2
E23000035,Devon and Cornwall,E22000050,Isles of Scilly,E06000053,Isles of Scilly,2200,1000,14,1,0,0,1,0,0,0,0,7,2,0,0,2,1,0,1,0,4,4,0,0,0,0
E23000035,Devon and Cornwall,E22000363,North Devon,Combined Local Authorities,,166900,72700,45,20,0,0,6,8,6,2,0,9,2,1,2,1,1,0,0,2,3,6,2,1,4,1
E23000035,Devon and Cornwall,E22000056,Plymouth,E06000026,Plymouth,262800,111200,82,38,0,0,12,14,11,4,1,14,3,2,4,1,3,0,0,3,5,10,5,1,7,2
E23000035,Devon and Cornwall,E22000364,South Devon and Dartmoor,Combined Local Authorities,,279100,122600,38,17,0,0,5,6,6,2,0,7,1,1,1,1,1,0,0,1,3,6,2,0,3,1
E23000035,Devon and Cornwall,E22000060,Torbay,E06000027,Torbay,136200,62100,81,35,0,0,12,13,10,3,1,19,3,1,3,2,4,0,0,6,5,11,4,1,6,1
E23000035,Devon and Cornwall,,Unassigned Devon and Cornwall,,,[x],[x],[x],[x],[x],[x],[x],[x],[x],[x],[x],[x],[x],[x],[x],[x],[x],[x],[x],[x],[x],[x],[x],[x],[x],[x]
E23000039,Dorset,,,,,776800,342400,63,25,0,0,7,10,8,3,0,19,4,2,5,1,5,0,2,3,6,8,2,0,5,1
E23000039,Dorset,E06000058,"Bournemouth, Christchurch and Poole",Combined Local Authorities,,397000,174400,79,30,0,0,9,12,9,3,1,26,5,3,7,2,7,1,3,5,7,10,2,1,6,1
E23000039,Dorset,E06000059,Dorset,Combined Local Authorities,,379800,168000,45,19,0,0,5,7,7,2,0,12,2,1,3,1,3,0,0,2,4,6,1,0,4,1
E23000039,Dorset,,Unassigned Dorset ,,,[x],[x],[x],[x],[x],[x],[x],[x],[x],[x],[x],[x],[x],[x],[x],[x],[x],[x],[x],[x],[x],[x],[x],[x],[x],[x]
E23000008,Durham,,,,,640600,282200,90,40,0,0,8,13,19,3,0,19,4,3,6,1,3,0,1,5,6,13,2,0,9,3
E23000008,Durham,E22000365,County Durham,E06000047,County Durham,533100,234100,87,39,0,0,8,12,19,3,0,19,4,3,6,1,3,0,1,5,5,13,2,0,8,3
E23000008,Durham,E22000072,Darlington,E06000005,Darlington,107400,48100,98,42,0,0,9,14,19,4,0,22,4,3,7,1,5,0,1,6,6,13,3,1,10,3
E23000008,Durham,,Unassigned Durham ,,,[x],[x],[x],[x],[x],[x],[x],[x],[x],[x],[x],[x],[x],[x],[x],[x],[x],[x],[x],[x],[x],[x],[x],[x],[x],[x]
W15000004,Dyfed-Powys,,,,,522700,229400,69,33,0,0,6,11,16,3,0,11,3,2,4,1,1,0,0,2,4,8,4,1,9,2
W15000004,Dyfed-Powys,W14000010,Carmarthenshire,W06000010,Carmarthenshire,190100,82200,71,34,0,0,6,11,17,2,0,12,3,2,5,1,2,0,0,3,5,8,4,0,8,2
W15000004,Dyfed-Powys,W14000008,Ceredigion,W06000008,Ceredigion,72900,31200,64,30,0,0,6,11,13,2,0,9,2,2,4,0,1,0,0,2,4,7,4,1,9,1
W15000004,Dyfed-Powys,W14000009,Pembrokeshire,W06000009,Pembrokeshire,126800,56100,74,38,0,0,7,13,18,3,0,10,2,2,4,1,1,0,0,2,4,9,3,1,9,2
W15000004,Dyfed-Powys,W14000007,Powys,W06000023,Powys,133000,59900,63,29,0,0,6,10,13,3,0,10,3,2,4,1,1,0,0,2,4,7,4,1,8,2
W15000004,Dyfed-Powys,,Unassigned Dyfed-Powys,,,[x],[x],[x],[x],[x],[x],[x],[x],[x],[x],[x],[x],[x],[x],[x],[x],[x],[x],[x],[x],[x],[x],[x],[x],[x],[x]
E23000028,Essex,,,,,1856100,763300,83,36,0,0,8,14,15,3,1,20,3,3,6,1,6,0,1,4,5,8,3,1,9,2
E23000028,Essex,E22000079,Basildon,E07000066,Basildon,187600,76600,97,43,0,0,8,16,18,3,1,23,4,3,6,1,8,1,1,5,5,9,5,1,10,2
E23000028,Essex,E22000080,Braintree,E07000067,Braintree,153100,64300,68,31,0,0,7,11,13,3,0,16,2,2,4,1,4,0,1,3,5,6,3,0,7,1
E23000028,Essex,E22000081,Brentwood,E07000068,Brentwood,77200,31500,73,24,0,0,5,9,10,1,0,29,5,3,7,2,11,0,1,4,7,6,3,0,8,2
E23000028,Essex,E22000082,Castle Point,E07000069,Castle Point,90500,37300,65,29,0,0,6,10,13,2,0,13,3,2,5,1,4,0,0,3,3,7,3,1,7,1
E23000028,Essex,E22000083,Chelmsford,E07000070,Chelmsford,179500,74000,81,33,0,0,7,13,14,3,1,21,3,3,6,1,5,1,2,5,6,7,3,1,9,2
E23000028,Essex,E22000084,Colchester,E07000071,Colchester,197200,80300,85,39,0,0,8,15,15,3,1,17,3,2,5,1,3,0,1,4,5,8,5,1,10,2
E23000028,Essex,E22000085,Epping Forest,E07000072,Epping Forest,132200,54300,81,30,0,0,6,11,13,2,1,27,5,3,8,1,11,0,0,5,6,7,3,1,8,2
E23000028,Essex,E22000086,Harlow,E07000073,Harlow,87300,35600,114,51,0,0,11,21,19,4,1,27,4,3,8,1,8,1,2,6,7,10,5,1,13,2
E23000028,Essex,E22000087,Maldon,E07000074,Maldon,65400,27600,55,26,0,0,5,9,12,2,0,12,2,1,3,1,4,0,0,2,4,5,2,0,7,1
E23000028,Essex,E22000088,Rochford,E07000075,Rochford,87600,35100,48,23,0,0,5,8,10,2,0,10,2,2,4,0,3,0,0,1,3,5,2,0,5,1
E23000028,Essex,E22000089,Southend-on-Sea,E06000033,Southend-on-Sea,182800,77400,102,47,0,0,10,19,18,4,2,22,5,4,8,1,5,1,2,4,6,9,4,1,11,2
E23000028,Essex,E22000090,Tendring,E07000076,Tendring,147400,66700,93,45,0,0,9,17,19,4,0,16,3,2,5,1,3,0,1,3,5,10,4,1,11,2
E23000028,Essex,E22000091,Thurrock,E06000034,Thurrock,175500,66800,89,37,0,0,8,14,14,3,1,26,4,3,7,1,9,1,1,6,6,9,3,1,9,2
E23000028,Essex,,Unassigned Essex,,,[x],[x],[x],[x],[x],[x],[x],[x],[x],[x],[x],[x],[x],[x],[x],[x],[x],[x],[x],[x],[x],[x],[x],[x],[x],[x]
E23000028,Essex,E22000092,Uttlesford,E07000077,Uttlesford,92800,35800,51,21,0,0,4,7,10,1,0,14,2,1,4,1,5,0,0,2,5,7,2,0,5,1
E23000037,Gloucestershire,,,,,640700,272700,61,24,0,0,8,8,8,2,1,17,4,3,6,1,4,0,1,4,5,7,2,0,5,1
E23000037,Gloucestershire,E22000093,Cheltenham,E07000078,Cheltenham,116000,51700,65,24,0,0,8,8,8,2,1,21,4,4,8,1,5,0,2,5,5,8,2,0,6,1
E23000037,Gloucestershire,E22000094,Cotswold,E07000079,Cotswold,90300,39700,36,12,0,0,4,4,4,1,0,12,4,3,6,1,3,0,0,1,4,5,1,0,3,1
E23000037,Gloucestershire,E22000095,Forest of Dean,E07000080,Forest of Dean,87100,36700,38,18,0,0,6,6,7,2,0,7,2,1,3,1,2,0,0,1,2,4,2,0,3,1
E23000037,Gloucestershire,E22000096,Gloucester,E07000081,Gloucester,129700,53600,87,37,0,0,13,13,11,3,1,22,4,3,8,1,4,0,1,7,6,9,4,1,8,2
E23000037,Gloucestershire,E22000097,Stroud,E07000082,Stroud,120900,51000,39,16,0,0,5,5,5,1,0,10,2,1,3,1,3,0,0,2,3,5,2,0,3,1
E23000037,Gloucestershire,E22000098,Tewkesbury,E07000083,Tewkesbury,96600,39900,34,13,0,0,4,4,5,1,0,9,2,2,4,1,2,0,0,2,3,4,2,0,3,1
E23000037,Gloucestershire,,Unassigned Gloucestershire,,,[x],[x],[x],[x],[x],[x],[x],[x],[x],[x],[x],[x],[x],[x],[x],[x],[x],[x],[x],[x],[x],[x],[x],[x],[x],[x]
E23000005,Greater Manchester [note 8],,,,,2848300,1183300,[x],[x],[x],[x],[x],[x],[x],[x],[x],[x],[x],[x],[x],[x],[x],[x],[x],[x],[x],[x],[x],0,0,0
E23000005,Greater Manchester,E22000099,Bolton,E08000001,Bolton,288200,120200,[x],[x],[x],[x],[x],[x],[x],[x],[x],[x],[x],[x],[x],[x],[x],[x],[x],[x],[x],[x],[x],[x],[x],[x]
E23000005,Greater Manchester,E22000100,Bury,E08000002,Bury,190700,81200,[x],[x],[x],[x],[x],[x],[x],[x],[x],[x],[x],[x],[x],[x],[x],[x],[x],[x],[x],[x],[x],[x],[x],[x]
E23000005,Greater Manchester,E22000101,Manchester,E08000003,Manchester,555700,216200,[x],[x],[x],[x],[x],[x],[x],[x],[x],[x],[x],[x],[x],[x],[x],[x],[x],[x],[x],[x],[x],[x],[x],[x]
E23000005,Greater Manchester,,Manchester Airport,,,[x],[x],[x],[x],[x],[x],[x],[x],[x],[x],[x],[x],[x],[x],[x],[x],[x],[x],[x],[x],[x],[x],[x],[x],[x],[x]
E23000005,Greater Manchester,E22000102,Oldham,E08000004,Oldham,237600,93900,[x],[x],[x],[x],[x],[x],[x],[x],[x],[x],[x],[x],[x],[x],[x],[x],[x],[x],[x],[x],[x],[x],[x],[x]
E23000005,Greater Manchester,E22000103,Rochdale,E08000005,Rochdale,223700,92100,[x],[x],[x],[x],[x],[x],[x],[x],[x],[x],[x],[x],[x],[x],[x],[x],[x],[x],[x],[x],[x],[x],[x],[x]
E23000005,Greater Manchester,E22000104,Salford,E08000006,Salford,262700,113900,[x],[x],[x],[x],[x],[x],[x],[x],[x],[x],[x],[x],[x],[x],[x],[x],[x],[x],[x],[x],[x],[x],[x],[x]
E23000005,Greater Manchester,E22000105,Stockport,E08000007,Stockport,294200,126100,[x],[x],[x],[x],[x],[x],[x],[x],[x],[x],[x],[x],[x],[x],[x],[x],[x],[x],[x],[x],[x],[x],[x],[x]
E23000005,Greater Manchester,E22000106,Tameside,E08000008,Tameside,227100,98400,[x],[x],[x],[x],[x],[x],[x],[x],[x],[x],[x],[x],[x],[x],[x],[x],[x],[x],[x],[x],[x],[x],[x],[x]
E23000005,Greater Manchester,E22000107,Trafford,E08000009,Trafford,237600,97500,[x],[x],[x],[x],[x],[x],[x],[x],[x],[x],[x],[x],[x],[x],[x],[x],[x],[x],[x],[x],[x],[x],[x],[x]
E23000005,Greater Manchester,,Unassigned Greater Manchester,,,[x],[x],[x],[x],[x],[x],[x],[x],[x],[x],[x],[x],[x],[x],[x],[x],[x],[x],[x],[x],[x],[x],[x],[x],[x],[x]
E23000005,Greater Manchester,E22000108,Wigan,E08000010,Wigan,330700,143800,[x],[x],[x],[x],[x],[x],[x],[x],[x],[x],[x],[x],[x],[x],[x],[x],[x],[x],[x],[x],[x],[x],[x],[x]
W15000002,Gwent,,,,,598200,254800,82,31,0,0,8,10,13,2,0,17,4,3,7,1,4,0,1,4,5,12,3,0,13,2
W15000002,Gwent,W14000019,Blaenau Gwent,W06000019,Blaenau Gwent,70000,31300,92,36,0,0,9,11,15,2,0,18,4,3,7,1,4,0,0,4,5,16,2,0,14,3
W15000002,Gwent,W14000018,Caerphilly,W06000018,Caerphilly,181700,76900,76,31,0,0,8,10,13,2,0,13,4,3,6,1,3,0,0,2,4,12,3,0,12,2
W15000002,Gwent,W14000021,Monmouthshire,W06000021,Monmouthshire,95200,40400,52,20,0,0,5,7,8,2,0,13,3,3,6,1,2,0,0,3,4,6,2,0,8,1
W15000002,Gwent,W14000022,Newport,W06000022,Newport,156400,65800,107,38,0,0,9,13,15,3,1,27,6,5,11,2,6,1,1,6,7,15,4,1,16,3
W15000002,Gwent,W14000020,Torfaen,W06000020,Torfaen,94800,40400,76,30,0,0,8,9,13,2,0,14,3,2,6,1,3,0,0,3,5,11,2,0,13,2
W15000002,Gwent,,Unassigned Gwent,,,[x],[x],[x],[x],[x],[x],[x],[x],[x],[x],[x],[x],[x],[x],[x],[x],[x],[x],[x],[x],[x],[x],[x],[x],[x],[x]
E23000030,Hampshire ,,,,,1999100,834600,75,31,0,0,9,12,10,3,1,19,4,3,7,1,4,0,1,4,4,8,3,1,9,1
E23000030,Hampshire ,E22000110,East Hampshire,E07000085,East Hampshire,123800,50200,45,18,0,0,5,7,6,2,0,11,2,2,4,1,3,0,0,2,3,6,2,1,5,1
E23000030,Hampshire ,E22000111,Eastleigh,E07000086,Eastleigh,135500,55900,54,22,0,0,7,8,7,2,0,14,4,3,7,1,3,0,1,3,3,5,2,1,7,1
E23000030,Hampshire ,E22000112,Fareham,E07000087,Fareham,116300,49600,48,21,0,0,6,7,7,2,0,11,2,2,4,1,2,0,1,2,3,5,2,1,6,1
E23000030,Hampshire ,E22000113,Gosport,E07000088,Gosport,84700,37300,74,31,0,0,9,11,11,3,0,16,3,2,4,1,4,0,1,4,4,8,3,1,9,2
E23000030,Hampshire ,E22000115,Havant,E07000090,Havant,126300,54500,73,34,0,0,10,12,11,3,1,13,2,1,3,1,3,0,1,4,4,7,3,1,11,1
E23000030,Hampshire ,E22000116,Isle of Wight,E06000046,Isle of Wight,142300,64900,68,33,0,0,10,12,10,3,0,9,2,1,3,1,1,0,0,2,4,7,3,1,10,1
E23000030,Hampshire ,E22000117,New Forest,E07000091,New Forest,179600,79600,58,22,0,0,6,8,7,2,0,17,5,4,9,1,5,0,1,2,4,7,2,1,6,1
E23000030,Hampshire ,E22000374,North Hampshire,Combined Local Authorities,,369800,149300,58,25,0,0,8,10,7,2,1,13,3,2,5,1,3,0,1,3,4,6,2,1,7,1
E23000030,Hampshire ,E22000118,Portsmouth,E06000044,Portsmouth,214700,89900,114,46,0,0,14,19,14,4,1,31,5,3,8,1,4,1,3,14,5,10,5,1,14,1
E23000030,Hampshire ,E22000120,Southampton,E06000045,Southampton,252900,101400,117,47,0,0,14,19,14,4,1,31,7,6,14,2,9,1,3,6,6,12,5,2,14,2
E23000030,Hampshire ,E22000121,Test Valley,E07000093,Test Valley,127200,51900,58,22,0,0,7,9,7,3,0,16,5,3,7,2,5,0,1,2,4,6,2,1,7,1
E23000030,Hampshire ,,Unassigned Hampshire,,,[x],[x],[x],[x],[x],[x],[x],[x],[x],[x],[x],[x],[x],[x],[x],[x],[x],[x],[x],[x],[x],[x],[x],[x],[x],[x]
E23000030,Hampshire ,E22000122,Winchester,E07000094,Winchester,125900,50100,52,19,0,0,6,7,6,2,0,15,4,3,7,1,4,0,1,2,4,5,2,0,7,1
E23000027,Hertfordshire,,,,,1195700,483200,61,22,0,0,7,10,6,2,1,22,3,2,5,1,6,1,1,6,6,6,2,0,5,1
E23000027,Hertfordshire,E22000123,Broxbourne,E07000095,Broxbourne,97600,39200,69,25,0,0,7,11,7,2,1,24,4,3,6,1,7,1,1,6,6,7,3,1,5,1
E23000027,Hertfordshire,E22000124,Dacorum,E07000096,Dacorum,155500,64400,57,20,0,0,6,9,5,2,0,21,3,2,5,1,5,1,1,7,5,6,2,0,4,1
E23000027,Hertfordshire,E22000125,East Hertfordshire,E07000242,East Hertfordshire,151800,62100,46,16,0,0,5,7,4,1,0,16,3,2,5,1,5,0,1,3,4,5,1,0,4,1
E23000027,Hertfordshire,E22000126,Hertsmere,E07000098,Hertsmere,105500,41400,72,23,0,0,7,10,6,2,1,31,4,3,7,1,10,1,0,8,9,6,2,1,5,1
E23000027,Hertfordshire,E22000127,North Hertfordshire,E07000099,North Hertfordshire,133500,56200,47,17,0,0,5,8,5,2,0,15,2,1,3,1,4,0,1,4,4,5,2,0,4,1
E23000027,Hertfordshire,E22000128,St Albans,E07000240,St Albans,149300,58200,54,18,0,0,5,8,4,1,0,21,3,2,5,1,6,1,1,6,5,5,2,0,4,1
E23000027,Hertfordshire,E22000129,Stevenage,E07000243,Stevenage,88100,36700,85,35,0,0,10,16,9,3,1,24,3,2,4,1,5,1,2,7,6,9,4,1,8,2
E23000027,Hertfordshire,E22000130,Three Rivers,E07000102,Three Rivers,94000,37600,48,18,0,0,5,8,4,1,0,18,3,2,6,1,6,0,1,3,5,5,2,0,4,1
E23000027,Hertfordshire,,Unassigned Hertfordshire,,,[x],[x],[x],[x],[x],[x],[x],[x],[x],[x],[x],[x],[x],[x],[x],[x],[x],[x],[x],[x],[x],[x],[x],[x],[x],[x]
E23000027,Hertfordshire,E22000131,Watford,E07000103,Watford,96600,39400,79,27,0,0,8,13,6,2,1,31,3,2,5,1,10,2,2,7,8,7,3,1,6,2
E23000027,Hertfordshire,E22000132,Welwyn Hatfield,E07000241,Welwyn Hatfield,123900,48000,68,25,0,0,8,10,7,2,1,24,4,3,7,1,6,1,2,6,7,7,3,0,5,1
E23000012,Humberside,,,,,934400,406200,95,37,0,0,10,13,14,3,1,23,6,4,10,1,3,0,1,6,6,12,2,1,13,3
E23000012,Humberside,E22000133,East Riding of Yorkshire,E06000011,East Riding of Yorkshire,343200,148500,55,21,0,0,6,7,8,2,0,14,3,2,6,1,2,0,1,3,4,6,1,0,8,2
E23000012,Humberside,E22000134,"Kingston upon Hull, City of",E06000010,"Kingston upon Hull, City of",259100,113500,143,56,0,0,15,21,20,4,1,34,8,6,15,2,5,1,2,10,8,18,4,1,20,4
E23000012,Humberside,E22000135,North East Lincolnshire,E06000012,North East Lincolnshire,159400,70800,112,45,0,0,13,16,16,4,1,24,5,4,9,1,3,0,2,7,6,16,2,1,15,4
E23000012,Humberside,E22000136,North Lincolnshire,E06000013,North Lincolnshire,172700,73400,84,32,0,0,9,11,12,3,1,23,6,5,12,1,4,0,1,5,6,10,2,1,11,3
E23000012,Humberside,,Unassigned Humberside,,,[x],[x],[x],[x],[x],[x],[x],[x],[x],[x],[x],[x],[x],[x],[x],[x],[x],[x],[x],[x],[x],[x],[x],[x],[x],[x]
E23000032,Kent,,,,,1868200,771400,91,43,0,0,9,18,15,3,1,20,4,3,7,1,4,0,1,5,6,11,2,1,7,3
E23000032,Kent,E22000137,Ashford,E07000105,Ashford,131000,53900,82,36,0,0,7,14,14,3,0,20,4,3,7,1,4,0,1,4,7,11,2,0,7,2
E23000032,Kent,E22000138,Canterbury,E07000106,Canterbury,166800,66500,87,41,0,0,9,19,14,4,1,19,3,3,6,1,3,0,1,5,6,11,2,0,7,3
E23000032,Kent,E22000352,Dartford and Gravesham,Combined Local Authorities,,220900,87700,104,46,0,0,10,20,16,3,1,27,4,3,8,1,8,1,1,7,7,13,3,1,8,3
E23000032,Kent,E22000140,Dover,E07000108,Dover,118500,51800,89,45,0,0,10,19,17,3,0,15,3,2,5,1,3,0,0,3,5,10,2,1,8,4
E23000032,Kent,E22000145,Folkestone and Hythe,E07000112,Folkestone and Hythe,113300,51400,89,42,0,0,9,18,15,3,1,18,3,2,5,1,3,1,1,5,6,11,3,1,7,4
E23000032,Kent,E22000142,Maidstone,E07000110,Maidstone,173100,70300,88,40,0,0,9,17,14,3,0,18,3,2,6,1,4,1,1,4,6,11,3,1,8,3
E23000032,Kent,E22000143,Medway,E06000035,Medway,279100,112100,110,54,0,0,11,23,20,4,1,22,3,3,7,1,5,1,0,6,7,12,2,1,9,4
E23000032,Kent,E22000144,Sevenoaks,E07000111,Sevenoaks,121400,49400,66,25,0,0,5,11,9,2,0,22,4,3,8,1,6,0,0,5,6,9,2,0,5,2
E23000032,Kent,E22000146,Swale,E07000113,Swale,151000,61800,96,46,0,0,10,19,17,4,1,22,4,3,8,1,4,0,0,6,6,11,2,1,7,3
E23000032,Kent,E22000147,Thanet,E07000114,Thanet,141500,64000,122,60,0,0,13,26,22,5,1,23,4,3,7,1,4,0,1,5,8,14,4,1,11,4
E23000032,Kent,E22000148,Tonbridge and Malling,E07000115,Tonbridge and Malling,132600,52900,63,28,0,0,6,12,11,2,0,15,3,3,7,1,3,0,0,3,4,8,2,0,5,2
E23000032,Kent,E22000149,Tunbridge Wells,E07000116,Tunbridge Wells,118900,49500,64,29,0,0,6,12,11,3,0,15,3,2,6,1,3,0,0,4,5,8,2,0,5,2
E23000003,Lancashire,,,,,1515500,640100,84,37,0,0,10,13,13,3,1,21,5,4,8,2,4,0,1,4,7,11,2,1,7,2
E23000003,Lancashire,E22000150,Blackburn with Darwen,E06000008,Blackburn with Darwen,150000,57300,97,42,0,0,11,15,16,3,1,24,6,3,9,2,5,0,0,5,7,13,2,1,10,2
E23000003,Lancashire,E22000151,Blackpool,E06000009,Blackpool,138400,62900,153,71,0,0,21,26,23,5,1,33,7,5,11,2,6,1,1,6,12,18,4,2,13,4
E23000003,Lancashire,E22000152,Burnley,E07000117,Burnley,89300,38200,116,49,0,0,14,17,18,4,1,30,9,6,14,3,6,0,1,6,9,16,3,1,10,3
E23000003,Lancashire,E22000153,Chorley,E07000118,Chorley,118900,50300,59,26,0,0,7,9,10,2,0,15,3,2,6,1,3,0,0,4,5,8,1,1,4,2
E23000003,Lancashire,E22000154,Fylde,E07000119,Fylde,81200,38200,50,23,0,0,6,8,9,3,0,13,3,2,4,1,2,0,0,2,5,6,1,0,4,1
E23000003,Lancashire,E22000155,Hyndburn,E07000120,Hyndburn,81100,35100,98,42,0,0,12,15,16,3,1,27,7,5,12,2,6,0,0,6,7,11,2,1,9,2
E23000003,Lancashire,E22000156,Lancaster,E07000121,Lancaster,148100,60000,70,30,0,0,8,11,10,3,0,18,4,3,7,1,3,0,1,4,5,10,2,1,6,2
E23000003,Lancashire,E22000157,Pendle,E07000122,Pendle,92100,38700,77,35,0,0,9,12,14,3,0,19,5,3,7,2,3,0,0,4,7,10,2,1,6,2
E23000003,Lancashire,E22000158,Preston,E07000123,Preston,144100,58200,72,29,0,0,8,11,9,2,1,21,5,3,7,2,4,1,1,5,6,8,2,1,6,2
E23000003,Lancashire,E22000159,Ribble Valley,E07000124,Ribble Valley,62000,26400,35,14,0,0,4,4,5,2,0,11,3,2,4,2,3,0,0,1,3,5,1,0,2,1
E23000003,Lancashire,E22000160,Rossendale,E07000125,Rossendale,71400,30800,69,30,0,0,9,10,11,2,0,18,4,2,6,2,5,0,0,4,5,9,1,1,5,2
E23000003,Lancashire,E22000161,South Ribble,E07000126,South Ribble,111100,47700,113,50,0,0,13,18,19,4,1,29,8,6,14,2,7,0,1,3,9,15,2,1,8,3
E23000003,Lancashire,,Unassigned Lancashire,,,[x],[x],[x],[x],[x],[x],[x],[x],[x],[x],[x],[x],[x],[x],[x],[x],[x],[x],[x],[x],[x],[x],[x],[x],[x],[x]
E23000003,Lancashire,E22000162,West Lancashire,E07000127,West Lancashire,114500,46600,48,22,0,0,6,8,9,2,0,12,4,2,6,1,2,0,0,2,4,6,1,0,3,1
E23000003,Lancashire,E22000163,Wyre,E07000128,Wyre,113100,49700,63,28,0,0,7,10,10,2,0,17,4,2,6,1,4,0,1,4,5,8,1,0,4,2
E23000021,Leicestershire,,,,,1107600,434600,82,33,0,0,11,8,13,3,1,20,4,3,7,1,5,1,1,3,6,9,3,1,11,2
E23000021,Leicestershire,E22000164,Blaby,E07000129,Blaby,102000,42700,57,22,0,0,7,5,10,3,0,16,3,3,6,1,5,0,1,2,5,6,1,0,7,2
E23000021,Leicestershire,E22000165,Charnwood,E07000130,Charnwood,188400,73700,68,26,0,0,8,6,11,2,0,19,4,3,7,1,4,0,2,4,5,8,2,0,9,2
E23000021,Leicestershire,E22000166,Harborough,E07000131,Harborough,95500,38900,45,17,0,0,6,4,7,2,0,12,2,2,4,1,3,0,0,2,4,6,1,0,5,2
E23000021,Leicestershire,E22000167,Hinckley and Bosworth,E07000132,Hinckley and Bosworth,113700,50200,59,24,0,0,8,6,11,2,0,14,2,2,4,1,5,0,0,2,4,7,2,0,7,2
E23000021,Leicestershire,E22000168,Leicester,E06000016,Leicester,354000,124900,118,48,0,0,17,13,18,4,1,26,5,4,11,1,7,1,2,3,8,12,5,1,16,3
E23000021,Leicestershire,E22000169,Melton,E07000133,Melton,51400,22500,61,23,0,0,8,6,9,2,0,16,3,2,4,1,3,0,0,2,7,8,3,1,7,2
E23000021,Leicestershire,E22000170,North West Leicestershire,E07000134,North West Leicestershire,104800,43900,67,25,0,0,7,6,12,2,0,17,3,2,5,1,5,0,0,2,7,9,2,0,8,2
E23000021,Leicestershire,E22000171,Oadby and Wigston,E07000135,Oadby and Wigston,57300,21100,60,25,0,0,7,7,11,2,0,15,3,2,6,1,3,0,1,3,5,6,2,0,8,2
E23000021,Leicestershire,E22000172,Rutland,E06000017,Rutland,40500,16800,39,14,0,0,5,3,6,2,0,10,2,1,2,1,3,0,0,1,4,5,2,0,4,1
E23000021,Leicestershire,,Unassigned Leicestershire,,,[x],[x],[x],[x],[x],[x],[x],[x],[x],[x],[x],[x],[x],[x],[x],[x],[x],[x],[x],[x],[x],[x],[x],[x],[x],[x]
E23000020,Lincolnshire,,,,,766300,329400,67,27,0,0,7,10,10,3,0,18,4,3,6,1,3,0,1,5,5,8,2,1,6,2
E23000020,Lincolnshire,E22000173,Boston,E07000136,Boston,70800,28900,75,30,0,0,8,12,9,3,1,21,3,2,5,1,3,0,1,8,5,8,4,1,6,2
E23000020,Lincolnshire,E22000174,East Lindsey,E07000137,East Lindsey,142000,65000,72,30,0,0,9,11,10,3,0,19,5,4,8,2,2,0,1,4,6,9,2,1,7,2
E23000020,Lincolnshire,E22000175,Lincoln,E07000138,Lincoln,100000,41300,123,46,0,0,12,18,17,4,1,32,5,4,9,1,3,0,4,12,8,15,5,1,15,3
E23000020,Lincolnshire,E22000176,North Kesteven,E07000139,North Kesteven,118100,50700,37,16,0,0,4,5,7,2,0,9,2,1,3,1,1,0,0,3,3,4,1,0,3,1
E23000020,Lincolnshire,E22000177,South Holland,E07000140,South Holland,95900,39600,59,26,0,0,7,9,9,2,0,16,3,2,4,1,3,0,1,3,4,6,2,1,5,2
E23000020,Lincolnshire,E22000178,South Kesteven,E07000141,South Kesteven,143200,62100,54,20,0,0,6,7,8,2,0,16,4,3,7,1,4,0,1,4,4,7,2,0,5,1
E23000020,Lincolnshire,,Unassigned Lincolnshire,,,[x],[x],[x],[x],[x],[x],[x],[x],[x],[x],[x],[x],[x],[x],[x],[x],[x],[x],[x],[x],[x],[x],[x],[x],[x],[x]
E23000020,Lincolnshire,E22000179,West Lindsey,E07000142,West Lindsey,96200,41900,58,22,0,0,6,7,9,3,0,17,4,3,7,2,3,0,0,4,5,9,1,0,5,2
E23000004,Merseyside,,,,,1434300,628900,97,39,0,0,9,16,13,3,1,20,5,4,9,1,4,1,1,4,5,10,9,1,12,2
E23000004,Merseyside,E22000181,Knowsley,E08000011,Knowsley,152500,63300,93,40,0,0,9,17,14,2,1,16,4,3,8,1,4,0,1,2,4,11,9,1,11,3
E23000004,Merseyside,E22000182,Liverpool,E08000012,Liverpool,500500,221100,120,44,0,0,11,19,14,3,1,27,7,6,13,2,5,1,2,5,7,11,14,1,15,3
E23000004,Merseyside,E22000183,Sefton,E08000014,Sefton,275900,120900,82,34,0,0,8,14,12,2,1,18,5,4,9,1,4,0,1,4,4,8,6,1,10,2
E23000004,Merseyside,E22000184,St. Helens,E08000013,St. Helens,181100,79600,96,41,0,0,10,16,15,3,0,20,5,4,8,1,5,0,1,5,5,10,6,1,12,2
E23000004,Merseyside,,Unassigned Merseyside,,,[x],[x],[x],[x],[x],[x],[x],[x],[x],[x],[x],[x],[x],[x],[x],[x],[x],[x],[x],[x],[x],[x],[x],[x],[x],[x]
E23000004,Merseyside,E22000185,Wirral,E08000015,Wirral,324300,144000,75,32,0,0,7,13,12,2,1,14,3,2,5,1,3,0,1,3,4,9,5,1,10,2
E23000001,Metropolitan Police,,,,,8991600,3516200,86,25,0,0,8,10,8,2,3,36,6,5,12,1,11,3,3,4,9,6,5,1,6,1
E23000001,Metropolitan Police,E22000186,Barking and Dagenham,E09000002,Barking and Dagenham,214100,77200,90,31,0,0,9,12,10,3,3,31,5,4,11,1,11,2,1,4,8,6,7,1,6,2
E23000001,Metropolitan Police,E22000187,Barnet,E09000003,Barnet,399000,149200,68,19,0,0,5,7,6,2,2,32,7,6,15,1,13,1,1,4,7,5,3,0,5,1
E23000001,Metropolitan Police,E22000188,Bexley,E09000004,Bexley,249300,98700,59,21,0,0,7,7,7,2,1,19,3,2,6,1,8,0,0,3,5,6,4,0,5,1
E23000001,Metropolitan Police,E22000189,Brent,E09000005,Brent,327800,116000,85,27,0,0,8,12,7,2,3,31,6,5,13,1,11,2,1,3,8,6,7,1,6,1
E23000001,Metropolitan Police,E22000190,Bromley,E09000006,Bromley,332800,139400,65,19,0,0,6,7,6,2,1,27,4,3,8,1,11,1,0,6,5,5,3,1,5,1
E23000001,Metropolitan Police,E22000191,Camden,E09000007,Camden,279500,111600,95,22,0,0,7,9,6,2,4,48,7,4,11,3,10,10,6,4,12,6,5,0,7,1
E23000001,Metropolitan Police,E22000193,Croydon,E09000008,Croydon,388600,152800,83,29,0,0,9,11,9,3,2,28,5,4,10,1,10,1,1,3,7,6,6,1,6,1
E23000001,Metropolitan Police,E22000194,Ealing,E09000009,Ealing,340300,123400,86,27,0,0,8,11,8,2,2,34,6,4,12,2,13,1,2,3,8,6,5,1,7,2
E23000001,Metropolitan Police,E22000195,Enfield,E09000010,Enfield,333600,128900,86,27,0,0,8,10,8,2,3,37,6,5,13,1,17,2,1,3,8,6,4,1,6,1
E23000001,Metropolitan Police,E22000196,Greenwich,E09000011,Greenwich,289000,110800,89,30,0,0,9,11,9,3,2,31,6,4,12,1,10,1,2,5,7,7,6,1,8,2
E23000001,Metropolitan Police,E22000197,Hackney,E09000012,Hackney,280900,117800,108,28,0,0,9,12,8,3,5,50,10,8,19,2,11,9,8,2,10,6,6,1,8,1
E23000001,Metropolitan Police,E22000198,Hammersmith and Fulham,E09000013,Hammersmith and Fulham,183500,80900,105,28,0,0,9,11,8,3,3,50,8,6,14,2,13,4,7,6,12,6,6,1,9,1
E23000001,Metropolitan Police,E22000199,Haringey,E09000014,Haringey,266400,107800,107,29,0,0,9,12,9,3,5,49,8,7,17,2,19,5,3,4,10,6,5,1,7,1
E23000001,Metropolitan Police,E22000200,Harrow,E09000015,Harrow,252300,86400,62,20,0,0,5,8,6,2,2,25,5,4,11,1,11,1,1,2,5,4,4,0,4,1
E23000001,Metropolitan Police,E22000201,Havering,E09000016,Havering,260700,104400,64,20,0,0,6,7,7,2,2,25,4,3,8,1,9,1,1,5,6,4,4,0,5,1
E23000001,Metropolitan Police,E22000202,Hillingdon,E09000017,Hillingdon,309000,109000,77,25,0,0,7,10,8,2,2,30,5,4,12,1,12,1,1,4,7,6,5,1,6,1
E23000001,Metropolitan Police,E22000203,Hounslow,E09000018,Hounslow,271800,100100,86,29,0,0,8,12,8,2,2,34,6,5,13,1,12,1,2,3,9,6,5,0,7,2
E23000001,Metropolitan Police,E22000204,Islington,E09000019,Islington,248100,105500,97,25,0,0,7,10,8,2,4,45,8,6,13,2,9,9,6,4,10,6,5,1,8,1
E23000001,Metropolitan Police,E22000205,Kensington and Chelsea,E09000020,Kensington and Chelsea,156900,75800,110,25,0,0,8,10,7,3,3,56,9,7,14,2,16,4,5,6,15,6,7,1,8,1
E23000001,Metropolitan Police,E22000206,Kingston upon Thames,E09000021,Kingston upon Thames,179100,68300,62,19,0,0,6,7,6,3,1,23,4,3,9,1,5,2,3,3,5,4,6,0,5,1
E23000001,Metropolitan Police,E22000207,Lambeth,E09000022,Lambeth,321800,138000,96,28,0,0,10,11,8,4,3,37,8,6,15,2,9,4,4,3,10,6,7,1,8,2
E23000001,Metropolitan Police,E22000208,Lewisham,E09000023,Lewisham,305300,128800,88,27,0,0,8,10,9,2,3,35,8,6,14,2,12,2,2,4,8,7,5,1,7,1
E23000001,Metropolitan Police,E22000209,Merton,E09000024,Merton,206500,79100,63,21,0,0,6,8,6,2,2,24,4,3,9,1,8,1,2,3,6,5,4,0,5,1
E23000001,Metropolitan Police,E22000210,Newham,E09000025,Newham,355300,113800,93,27,0,0,8,12,7,3,4,38,5,4,12,1,11,6,2,5,10,6,7,1,6,1
E23000001,Metropolitan Police,E22000211,Redbridge,E09000026,Redbridge,305700,107400,76,23,0,0,7,10,7,2,2,33,5,4,11,1,13,3,1,4,7,5,5,0,5,1
E23000001,Metropolitan Police,E22000212,Richmond upon Thames,E09000027,Richmond upon Thames,198100,83000,59,16,0,0,4,6,5,1,1,29,6,5,11,1,10,1,4,2,5,5,3,0,4,1
E23000001,Metropolitan Police,E22000213,Southwark,E09000028,Southwark,320000,131900,99,26,0,0,9,10,8,3,4,44,8,6,14,2,10,7,6,3,11,6,7,1,7,1
E23000001,Metropolitan Police,E22000214,Sutton,E09000029,Sutton,207700,82300,59,20,0,0,6,7,7,2,1,23,4,3,9,1,9,1,1,3,5,5,3,0,4,1
E23000001,Metropolitan Police,E22000215,Tower Hamlets,E09000030,Tower Hamlets,332000,130900,97,28,0,0,8,11,9,3,3,39,8,6,15,2,10,4,7,2,9,6,9,1,8,1
E23000001,Metropolitan Police,,Unassigned Metropolitan Police,,,[x],[x],[x],[x],[x],[x],[x],[x],[x],[x],[x],[x],[x],[x],[x],[x],[x],[x],[x],[x],[x],[x],[x],[x],[x],[x]
E23000001,Metropolitan Police,E22000216,Waltham Forest,E09000031,Waltham Forest,276900,102000,82,25,0,0,7,10,7,2,3,33,5,4,12,1,12,2,2,3,8,6,5,1,6,1
E23000001,Metropolitan Police,E22000217,Wandsworth,E09000032,Wandsworth,329700,134800,77,22,0,0,7,9,6,2,2,34,7,6,14,1,10,2,5,3,8,5,4,0,6,1
E23000001,Metropolitan Police,E22000192,Westminster,E09000033,Westminster,269800,120300,156,32,0,0,10,14,8,4,6,80,9,5,12,4,13,18,6,8,26,8,11,1,12,3
E23000024,Norfolk,,,,,914000,395600,72,33,0,0,8,13,12,3,0,13,2,2,4,1,2,0,1,3,4,8,3,1,9,3
E23000024,Norfolk,E22000218,Breckland,E07000143,Breckland,141300,59300,62,29,0,0,8,12,10,3,0,10,2,1,3,1,2,0,1,2,4,6,3,1,7,3
E23000024,Norfolk,E22000219,Broadland,E07000144,Broadland,131900,56300,46,24,0,0,6,10,8,2,0,7,1,1,2,0,1,0,0,1,3,5,1,0,5,2
E23000024,Norfolk,E22000220,Great Yarmouth,E07000145,Great Yarmouth,99200,43600,109,52,0,0,13,21,18,4,1,18,3,2,5,1,3,1,1,4,7,12,3,1,14,3
E23000024,Norfolk,E22000221,King's Lynn and West Norfolk,E07000146,King's Lynn and West Norfolk,151200,64700,66,29,0,0,7,11,11,3,0,12,2,2,4,1,2,0,1,3,4,7,4,1,8,2
E23000024,Norfolk,E22000222,North Norfolk,E07000147,North Norfolk,105200,48400,49,24,0,0,5,9,9,2,0,7,1,1,2,1,1,0,0,1,3,6,1,0,6,2
E23000024,Norfolk,E22000223,Norwich,E07000148,Norwich,142200,63000,122,53,0,0,13,22,18,5,1,27,5,3,7,1,3,1,3,8,7,12,4,1,15,4
E23000024,Norfolk,E22000224,South Norfolk,E07000149,South Norfolk,143100,60200,49,22,0,0,5,9,9,2,0,8,1,1,2,0,1,0,0,2,3,5,1,0,6,2
E23000024,Norfolk,,Unassigned Norfolk,,,[x],[x],[x],[x],[x],[x],[x],[x],[x],[x],[x],[x],[x],[x],[x],[x],[x],[x],[x],[x],[x],[x],[x],[x],[x],[x]
W15000001,North Wales,,,,,703400,306200,81,39,0,0,9,15,16,3,0,14,3,2,5,1,2,0,0,4,5,10,2,0,10,2
W15000001,North Wales,W14000003,Conwy,W06000003,Conwy,118200,52900,86,43,0,0,10,17,16,3,0,14,2,2,3,1,2,0,1,4,5,10,3,0,11,2
W15000001,North Wales,W14000004,Denbighshire,W06000004,Denbighshire,96700,41900,96,48,0,0,11,19,18,4,0,17,4,2,6,1,2,0,1,5,6,10,3,0,12,2
W15000001,North Wales,W14000005,Flintshire,W06000005,Flintshire,156800,66600,74,35,0,0,8,13,15,3,0,13,3,2,5,1,2,0,0,4,5,9,2,0,10,2
W15000001,North Wales,W14000002,Gwynedd,W06000002,Gwynedd,125200,54700,68,31,0,0,7,11,13,3,0,12,3,2,4,1,1,0,0,2,5,9,2,0,9,1
W15000001,North Wales,W14000001,Isle of Anglesey,W06000001,Isle of Anglesey,70400,31300,65,33,0,0,7,11,14,3,0,9,2,1,3,1,1,0,0,2,4,8,3,0,8,2
W15000001,North Wales,,Unassigned North Wales,,,[x],[x],[x],[x],[x],[x],[x],[x],[x],[x],[x],[x],[x],[x],[x],[x],[x],[x],[x],[x],[x],[x],[x],[x],[x],[x]
W15000001,North Wales,W14000006,Wrexham,W06000006,Wrexham,136100,58900,95,43,0,0,10,16,18,3,0,19,4,3,7,1,2,0,1,6,6,12,3,0,12,3
E23000009,North Yorkshire,,,,,831600,358900,51,21,0,0,7,8,6,2,0,13,3,2,4,1,2,0,1,3,4,6,2,0,5,1
E23000009,North Yorkshire,E22000371,City of York,E06000014,York,211000,87200,56,22,0,0,7,8,6,2,0,16,2,2,4,1,2,0,3,5,3,7,2,0,5,1
E23000009,North Yorkshire,E22000372,North Yorkshire,Combined Local Authorities,,620600,271700,49,20,0,0,7,7,6,2,0,11,3,2,4,1,2,0,0,3,4,6,2,0,5,1
E23000009,North Yorkshire,,Unassigned North Yorkshire,,,[x],[x],[x],[x],[x],[x],[x],[x],[x],[x],[x],[x],[x],[x],[x],[x],[x],[x],[x],[x],[x],[x],[x],[x],[x],[x]
E23000022,Northamptonshire,,,,,757200,313500,83,37,0,0,10,14,14,4,1,20,4,3,7,1,5,0,1,4,6,8,3,1,8,2
E23000022,Northamptonshire,E22000233,Corby,E07000150,Corby,73100,29000,96,45,0,0,13,17,16,3,1,22,4,3,8,1,5,0,1,5,7,9,2,1,9,2
E23000022,Northamptonshire,E22000357,Daventry and South Northamptonshire,Combined Local Authorities,,182400,73400,50,23,0,0,6,8,9,2,0,12,3,1,4,1,4,0,0,1,4,5,1,0,5,2
E23000022,Northamptonshire,E22000235,East Northamptonshire,E07000152,East Northamptonshire,95100,39600,58,26,0,0,6,9,11,2,1,15,3,2,4,1,4,0,0,3,4,6,1,1,5,1
E23000022,Northamptonshire,E22000236,Kettering,E07000153,Kettering,102200,43600,81,38,0,0,9,15,14,3,1,17,3,2,6,1,3,0,1,4,5,8,3,1,8,2
E23000022,Northamptonshire,E22000237,Northampton,E07000154,Northampton,224300,93800,111,48,0,0,13,19,16,5,2,28,6,4,10,2,8,1,2,5,8,10,4,1,10,3
E23000022,Northamptonshire,,Unassigned Northamptonshire,,,[x],[x],[x],[x],[x],[x],[x],[x],[x],[x],[x],[x],[x],[x],[x],[x],[x],[x],[x],[x],[x],[x],[x],[x],[x],[x]
E23000022,Northamptonshire,E22000239,Wellingborough,E07000156,Wellingborough,80100,34100,97,42,0,0,11,15,16,4,2,24,5,3,8,2,6,0,1,6,6,10,3,1,9,2
E23000007,Northumbria,,,,,1470400,645400,90,33,0,0,9,11,13,3,0,22,4,3,7,1,4,0,1,6,7,13,2,1,12,3
E23000007,Northumbria,E22000244,Gateshead,E08000037,Gateshead,202000,90300,92,34,0,0,10,11,13,3,0,24,4,3,7,1,6,1,1,5,7,13,2,1,12,3
E23000007,Northumbria,E22000245,Newcastle upon Tyne,E08000021,Newcastle upon Tyne,306800,124000,102,35,0,0,10,13,12,4,1,29,5,4,9,1,4,1,3,7,9,13,4,1,14,3
E23000007,Northumbria,E22000246,North Tyneside,E08000022,North Tyneside,208900,95300,86,31,0,0,8,11,12,3,0,22,3,2,5,1,6,0,1,5,6,12,2,1,13,2
E23000007,Northumbria,E22000358,Northumberland,E06000057,Northumberland,323800,144400,70,28,0,0,8,10,11,3,0,15,3,2,4,1,2,0,0,4,5,11,2,1,10,2
E23000007,Northumbria,E22000247,South Tyneside,E08000023,South Tyneside,151100,69400,88,35,0,0,10,12,14,3,0,19,3,3,5,1,4,0,1,4,6,12,2,1,12,3
E23000007,Northumbria,E22000248,Sunderland,E08000024,Sunderland,277800,122000,101,36,0,0,10,12,14,3,1,25,5,4,8,1,5,0,1,7,8,16,2,1,14,3
E23000007,Northumbria,,Unassigned Northumbria,,,[x],[x],[x],[x],[x],[x],[x],[x],[x],[x],[x],[x],[x],[x],[x],[x],[x],[x],[x],[x],[x],[x],[x],[x],[x],[x]
E23000019,Nottinghamshire,,,,,1170500,485600,76,27,0,0,8,10,9,2,1,24,4,3,7,1,5,1,1,7,6,9,4,1,6,2
E23000019,Nottinghamshire,E22000251,Ashfield,E07000170,Ashfield,128300,55600,75,29,0,0,9,10,10,2,1,21,4,3,8,1,4,0,0,7,5,10,3,1,6,2
E23000019,Nottinghamshire,E22000252,Bassetlaw,E07000171,Bassetlaw,118300,50200,78,24,0,0,9,7,8,2,0,30,5,4,9,2,8,0,1,9,7,10,2,1,6,3
E23000019,Nottinghamshire,E22000255,Mansfield,E07000174,Mansfield,109400,47300,87,34,0,0,9,13,12,3,1,22,4,3,8,1,4,1,1,6,6,11,5,1,7,3
E23000019,Nottinghamshire,E22000256,Newark and Sherwood,E07000175,Newark and Sherwood,123100,52700,62,21,0,0,6,7,7,2,0,22,4,3,7,1,5,0,1,7,5,8,2,0,5,2
E23000019,Nottinghamshire,E22000257,Nottingham,E06000018,Nottingham,337100,130000,101,36,0,0,10,14,11,3,1,29,5,3,8,1,5,1,2,9,8,11,7,1,9,3
E23000019,Nottinghamshire,E22000366,South Nottinghamshire,Combined Local Authorities,,354300,149800,49,16,0,0,5,5,6,2,0,17,3,2,6,1,4,0,1,5,4,5,2,0,4,1
E23000019,Nottinghamshire,,Unassigned Nottinghamshire,,,[x],[x],[x],[x],[x],[x],[x],[x],[x],[x],[x],[x],[x],[x],[x],[x],[x],[x],[x],[x],[x],[x],[x],[x],[x],[x]
W15000003,South Wales,,,,,1345300,578300,74,28,0,0,8,8,12,2,0,19,4,3,6,1,5,0,1,4,5,8,4,1,10,1
W15000003,South Wales,W14000013,Bridgend,W06000013,Bridgend,147500,62800,61,25,0,0,7,7,10,2,0,12,2,2,4,1,2,0,0,3,4,7,3,0,9,2
W15000003,South Wales,W14000015,Cardiff,W06000015,Cardiff,369200,154900,90,28,0,0,8,10,11,3,1,30,5,4,8,2,8,1,3,7,7,9,6,1,11,1
W15000003,South Wales,W14000023,Cwm Taf,Combined Local Authorities,,302300,130700,71,31,0,0,9,9,14,2,0,14,3,2,5,1,3,0,0,3,5,8,3,0,11,1
W15000003,South Wales,W14000012,Neath Port Talbot,W06000012,Neath Port Talbot,144400,62300,64,27,0,0,8,7,12,2,0,13,3,2,5,1,2,0,0,2,4,8,2,1,10,1
W15000003,South Wales,W14000011,Swansea,W06000011,Swansea,246600,109500,73,26,0,0,8,7,11,2,0,19,3,3,6,1,5,1,1,4,5,9,4,1,10,1
W15000003,South Wales,,Unassigned South Wales,,,[x],[x],[x],[x],[x],[x],[x],[x],[x],[x],[x],[x],[x],[x],[x],[x],[x],[x],[x],[x],[x],[x],[x],[x],[x],[x]
W15000003,South Wales,W14000014,Vale of Glamorgan,W06000014,Vale of Glamorgan ,135300,58000,57,23,0,0,6,6,11,2,0,14,2,2,4,1,3,0,0,3,5,7,2,0,7,1
E23000011,South Yorkshire,,,,,1415100,595500,96,35,0,0,9,12,14,3,1,27,7,5,13,2,8,0,1,5,7,12,3,1,11,3
E23000011,South Yorkshire,E22000259,Barnsley,E08000016,Barnsley,248100,108900,94,37,0,0,10,12,15,3,1,22,6,5,11,1,6,0,0,3,6,13,3,1,11,4
E23000011,South Yorkshire,E22000260,Doncaster,E08000017,Doncaster,312800,131400,116,42,0,0,11,14,16,3,1,34,10,8,18,2,9,0,1,6,8,14,3,1,12,5
E23000011,South Yorkshire,E22000261,Rotherham,E08000018,Rotherham,265000,112100,89,34,0,0,9,12,14,3,1,23,5,3,8,2,7,0,0,4,7,10,3,1,11,3
E23000011,South Yorkshire,E22000262,Sheffield,E08000019,Sheffield,589200,243100,87,30,0,0,8,10,12,2,1,27,7,5,12,2,8,1,1,5,6,11,4,1,10,3
E23000011,South Yorkshire,,Unassigned South Yorkshire,,,[x],[x],[x],[x],[x],[x],[x],[x],[x],[x],[x],[x],[x],[x],[x],[x],[x],[x],[x],[x],[x],[x],[x],[x],[x],[x]
E23000015,Staffordshire,,,,,1139800,485500,61,28,0,0,7,9,12,2,1,16,3,2,4,1,3,0,1,4,5,7,1,0,4,1
E23000015,Staffordshire,E22000263,Cannock Chase,E07000192,Cannock Chase,101500,43500,50,24,0,0,5,7,12,2,0,13,2,1,3,1,3,0,0,4,4,6,1,0,3,1
E23000015,Staffordshire,E22000264,East Staffordshire,E07000193,East Staffordshire,120900,50300,50,23,0,0,6,7,10,2,0,14,2,1,3,1,2,0,1,3,4,5,1,0,3,1
E23000015,Staffordshire,E22000265,Lichfield,E07000194,Lichfield,105600,43200,44,20,0,0,5,7,9,1,0,13,3,2,4,1,3,0,0,2,4,5,1,0,3,1
E23000015,Staffordshire,E22000266,Newcastle-under-Lyme,E07000195,Newcastle-under-Lyme,129600,55800,51,24,0,0,6,8,10,2,0,12,2,2,4,1,3,0,1,3,4,7,1,0,3,1
E23000015,Staffordshire,E22000267,South Staffordshire,E07000196,South Staffordshire,112400,46800,40,17,0,0,4,5,9,2,0,13,3,2,5,1,4,0,0,2,4,4,1,0,2,1
E23000015,Staffordshire,E22000268,Stafford,E07000197,Stafford,137900,59900,45,21,0,0,4,6,10,2,0,12,2,2,4,1,2,0,1,3,4,6,1,0,2,1
E23000015,Staffordshire,E22000269,Staffordshire Moorlands,E07000198,Staffordshire Moorlands,98400,43500,41,20,0,0,5,6,9,2,0,8,1,1,2,0,2,0,0,1,3,6,1,0,3,1
E23000015,Staffordshire,E22000270,Stoke-on-Trent,E06000021,Stoke-on-Trent,256600,110200,92,42,0,0,11,14,17,3,1,23,4,3,6,1,4,0,1,6,8,12,2,1,6,2
E23000015,Staffordshire,E22000271,Tamworth,E07000199,Tamworth,76900,32300,60,28,0,0,6,10,12,2,1,17,2,2,4,0,5,0,1,4,4,6,1,0,4,1
E23000015,Staffordshire,,Unassigned Staffordshire,,,[x],[x],[x],[x],[x],[x],[x],[x],[x],[x],[x],[x],[x],[x],[x],[x],[x],[x],[x],[x],[x],[x],[x],[x],[x],[x]
E23000025,Suffolk,,,,,761200,328700,65,28,0,0,7,12,9,3,0,15,3,2,4,1,3,0,1,3,4,7,2,1,7,2
E23000025,Suffolk,E07000200,Babergh,E07000200,Babergh,92700,40300,50,22,0,0,6,10,7,2,0,12,2,1,3,1,3,0,0,2,4,5,2,0,5,1
E23000025,Suffolk,E07000244,East Suffolk,Combined Local Authorities,,250400,110400,58,25,0,0,6,11,8,3,0,13,2,2,4,1,2,0,1,2,5,7,2,0,6,1
E23000025,Suffolk,E22000273,Ipswich,E07000202,Ipswich,136000,59000,99,42,0,0,10,19,13,5,1,23,3,2,5,1,4,1,2,8,6,10,4,1,12,2
E23000025,Suffolk,E07000203,Mid Suffolk,E07000203,Mid Suffolk,104900,44500,38,19,0,0,5,8,6,2,0,7,2,2,4,1,1,0,0,1,3,4,1,0,4,1
E23000025,Suffolk,,Unassigned Suffolk,,,[x],[x],[x],[x],[x],[x],[x],[x],[x],[x],[x],[x],[x],[x],[x],[x],[x],[x],[x],[x],[x],[x],[x],[x],[x],[x]
E23000025,Suffolk,E07000245,West Suffolk,Combined Local Authorities,,177300,74500,68,28,0,0,8,12,8,3,0,17,3,2,4,1,5,0,1,3,4,7,3,1,7,2
E23000031,Surrey,,,,,1199900,473600,57,21,0,0,6,9,6,2,0,16,3,2,6,1,5,0,1,3,5,7,3,0,7,1
E23000031,Surrey,E22000279,Elmbridge,E07000207,Elmbridge,137200,54700,52,18,0,0,5,7,6,1,0,15,3,3,7,1,5,0,1,1,5,6,2,0,7,1
E23000031,Surrey,E22000280,Epsom and Ewell,E07000208,Epsom and Ewell,81000,31300,55,21,0,0,6,9,6,1,0,16,3,3,7,1,4,0,1,2,4,6,2,0,6,1
E23000031,Surrey,E22000281,Guildford,E07000209,Guildford,150400,56100,59,20,0,0,5,9,6,2,0,17,2,2,5,1,4,0,1,4,5,7,3,1,8,1
E23000031,Surrey,E22000282,Mole Valley,E07000210,Mole Valley,87500,37100,51,19,0,0,5,8,5,2,0,13,2,2,4,0,3,0,0,2,4,5,3,0,7,1
E23000031,Surrey,E22000283,Reigate and Banstead,E07000211,Reigate and Banstead,149200,59100,55,23,0,0,7,9,7,2,0,13,2,2,4,0,3,0,0,3,4,6,2,0,7,2
E23000031,Surrey,E22000284,Runnymede,E07000212,Runnymede,90300,34700,70,25,0,0,6,11,8,2,0,19,3,3,7,1,5,0,1,3,6,8,5,1,9,2
E23000031,Surrey,E22000285,Spelthorne,E07000213,Spelthorne,99900,40200,73,25,0,0,7,11,8,2,1,21,4,3,8,1,8,0,2,2,5,9,4,1,9,2
E23000031,Surrey,E22000286,Surrey Heath,E07000214,Surrey Heath,89200,34700,56,20,0,0,6,8,7,2,0,16,3,2,6,1,4,0,0,3,4,6,3,0,7,1
E23000031,Surrey,E22000287,Tandridge,E07000215,Tandridge,88500,35600,55,18,0,0,5,6,6,1,0,17,3,2,6,1,7,0,0,2,4,8,3,0,6,1
E23000031,Surrey,,Unassigned Surrey,,,[x],[x],[x],[x],[x],[x],[x],[x],[x],[x],[x],[x],[x],[x],[x],[x],[x],[x],[x],[x],[x],[x],[x],[x],[x],[x]
E23000031,Surrey,E22000288,Waverley,E07000216,Waverley,126600,50700,46,16,0,0,4,6,5,2,0,14,3,2,5,1,3,0,0,2,5,6,1,0,6,1
E23000031,Surrey,E22000289,Woking,E07000217,Woking,100000,39400,64,26,0,0,7,11,8,3,1,16,3,2,6,0,4,0,2,3,5,6,3,0,8,1
E23000033,Sussex,,,,,1718200,744900,65,25,0,0,7,10,7,3,1,17,3,2,4,1,4,0,1,4,5,8,3,1,7,2
E23000033,Sussex,E22000290,Adur,E07000223,Adur,64200,28100,60,21,0,0,6,9,7,2,0,16,2,1,3,1,3,0,1,6,4,8,2,1,7,2
E23000033,Sussex,E22000291,Arun,E07000224,Arun,161100,71800,66,24,0,0,8,10,7,2,0,19,3,2,4,1,5,0,1,5,4,8,2,1,7,2
E23000033,Sussex,E22000292,Brighton and Hove,E06000043,Brighton and Hove,291700,126100,86,30,0,0,8,13,9,4,1,25,3,2,5,1,5,1,3,5,7,10,4,1,10,2
E23000033,Sussex,E22000293,Chichester,E07000225,Chichester,121500,53700,57,19,0,0,6,7,5,2,0,18,4,2,5,1,5,0,1,3,5,7,2,1,6,2
E23000033,Sussex,E22000294,Crawley,E07000226,Crawley,112500,45000,89,36,0,0,10,15,10,3,1,22,3,2,5,1,4,1,2,6,7,8,5,2,10,3
E23000033,Sussex,E22000295,Eastbourne,E07000061,Eastbourne,103300,47000,82,34,0,0,10,13,10,3,1,19,3,2,4,1,3,1,1,5,6,9,3,1,9,2
E23000033,Sussex,E22000296,Hastings,E07000062,Hastings,92600,42900,98,40,0,0,13,15,12,4,1,22,4,2,5,1,6,1,0,5,6,12,4,2,11,2
E23000033,Sussex,E22000297,Horsham,E07000227,Horsham,145500,60700,43,16,0,0,5,6,5,2,0,12,2,1,2,1,3,0,1,3,3,5,2,0,5,1
E23000033,Sussex,E22000298,Lewes,E07000063,Lewes,103500,44800,50,19,0,0,6,7,6,2,0,11,3,2,4,1,2,0,0,2,3,7,2,1,6,2
E23000033,Sussex,E22000299,Mid Sussex,E07000228,Mid Sussex,152100,62000,42,17,0,0,5,7,5,1,0,10,2,1,3,1,2,0,0,2,4,5,2,1,5,1
E23000033,Sussex,E22000300,Rother,E07000064,Rother,96700,44000,54,22,0,0,6,8,7,2,0,13,3,2,4,1,3,0,0,2,5,7,2,1,6,1
E23000033,Sussex,,Unassigned Sussex,,,[x],[x],[x],[x],[x],[x],[x],[x],[x],[x],[x],[x],[x],[x],[x],[x],[x],[x],[x],[x],[x],[x],[x],[x],[x],[x]
E23000033,Sussex,E22000301,Wealden,E07000065,Wealden,162700,68800,36,14,0,0,4,5,5,1,0,10,2,1,2,1,2,0,0,2,4,5,1,0,4,1
E23000033,Sussex,E22000302,Worthing,E07000229,Worthing,110700,49900,72,27,0,0,8,11,8,2,0,21,2,1,3,1,5,0,2,7,5,7,4,1,8,2
E23000029,Thames Valley,,,,,2431900,957800,67,25,0,0,6,10,8,2,0,20,3,2,6,1,5,1,2,4,5,7,3,1,7,1
E23000029,Thames Valley,E22000304,Bracknell Forest,E06000036,Bracknell Forest,124200,49800,52,20,0,0,5,8,7,2,0,15,2,2,4,1,4,1,1,4,4,6,2,1,5,1
E23000029,Thames Valley,E06000060,Buckinghamshire,Combined Local Authorities,,547100,215400,57,21,0,0,5,8,7,2,0,17,3,2,5,1,5,1,1,3,6,6,3,1,6,1
E23000029,Thames Valley,E22000305,Cherwell,E07000177,Cherwell,151800,60800,69,28,0,0,7,11,10,3,0,18,2,1,4,1,3,1,1,5,6,7,3,1,7,2
E23000029,Thames Valley,E22000307,Milton Keynes,E06000042,Milton Keynes,270200,106100,86,35,0,0,9,14,12,3,1,23,3,2,5,1,6,1,2,4,6,8,4,1,9,2
E23000029,Thames Valley,E22000308,Oxford,E07000178,Oxford,151600,53900,99,30,0,0,7,14,9,4,1,38,5,4,12,1,6,2,9,10,7,8,5,1,11,2
E23000029,Thames Valley,E22000309,Reading,E06000038,Reading,160300,65100,102,37,0,0,10,16,11,4,1,33,4,3,8,1,8,2,4,6,8,9,5,1,11,2
E23000029,Thames Valley,E22000310,Slough,E06000039,Slough,149600,54400,104,39,0,0,10,17,12,3,1,32,4,3,9,1,12,2,3,4,8,9,4,1,12,2
E23000029,Thames Valley,E22000312,South Oxfordshire,E07000179,South Oxfordshire,143800,57000,47,17,0,0,4,6,6,2,0,14,3,2,5,1,3,1,1,3,4,5,2,0,5,1
E23000029,Thames Valley,,Unassigned Thames Valley,,,[x],[x],[x],[x],[x],[x],[x],[x],[x],[x],[x],[x],[x],[x],[x],[x],[x],[x],[x],[x],[x],[x],[x],[x],[x],[x]
E23000029,Thames Valley,E22000313,Vale of White Horse,E07000180,Vale of White Horse,137900,56000,48,19,0,0,4,8,7,2,0,11,2,1,4,1,2,0,1,2,3,6,3,0,6,1
E23000029,Thames Valley,E22000314,West Berkshire,E06000037,West Berkshire,158500,65400,52,18,0,0,4,7,7,2,0,15,2,2,4,1,3,1,1,3,4,6,3,1,6,1
E23000029,Thames Valley,E22000315,West Oxfordshire,E07000181,West Oxfordshire,111800,46700,44,17,0,0,4,6,7,2,0,12,2,1,3,1,3,1,0,2,4,6,2,0,5,1
E23000029,Thames Valley,E22000316,Windsor and Maidenhead,E06000040,Windsor and Maidenhead,151300,61300,61,21,0,0,5,9,7,2,0,20,3,3,6,1,6,1,2,3,5,6,4,1,6,1
E23000029,Thames Valley,E22000317,Wokingham,E06000041,Wokingham,173900,65900,41,15,0,0,4,6,5,1,0,13,2,2,4,1,3,1,1,2,4,5,2,0,4,1
E23000017,Warwickshire,,,,,583800,245000,64,26,0,0,7,10,9,2,1,19,3,2,6,1,5,0,1,4,5,6,2,1,5,2
E23000017,Warwickshire,E22000319,North Warwickshire,E07000218,North Warwickshire,65500,27700,66,25,0,0,8,9,8,2,0,22,5,3,8,2,8,0,0,3,6,6,2,1,6,2
E23000017,Warwickshire,E22000320,Nuneaton and Bedworth,E07000219,Nuneaton and Bedworth,130400,55200,79,35,0,0,9,14,12,3,1,20,3,2,6,1,5,0,1,5,5,8,3,1,7,2
E23000017,Warwickshire,E22000321,Rugby,E07000220,Rugby,110700,45100,64,27,0,0,7,10,9,2,1,17,3,2,5,1,5,0,1,4,5,6,3,1,6,1
E23000017,Warwickshire,E22000359,South Warwickshire,Combined Local Authorities,,277300,117100,56,21,0,0,5,8,7,2,0,18,3,2,6,1,5,0,1,4,5,6,2,1,5,1
E23000017,Warwickshire,,Unassigned Warwickshire,,,[x],[x],[x],[x],[x],[x],[x],[x],[x],[x],[x],[x],[x],[x],[x],[x],[x],[x],[x],[x],[x],[x],[x],[x],[x],[x]
E23000016,West Mercia,,,,,1298400,551000,59,26,0,0,7,9,9,3,0,16,3,3,6,1,3,0,1,4,5,6,2,1,4,1
E23000016,West Mercia,E22000326,"Herefordshire, County of",E06000019,"Herefordshire, County of",193600,83200,52,24,0,0,7,9,8,3,0,12,3,2,4,1,2,0,1,2,5,6,2,0,4,1
E23000016,West Mercia,E22000368,North Worcestershire,Combined Local Authorities,,287300,121800,63,27,0,0,8,9,10,2,1,18,4,3,7,1,3,0,0,5,5,6,2,1,5,1
E23000016,West Mercia,E22000360,Shropshire,E06000051,Shropshire,325400,141100,48,20,0,0,6,7,8,2,0,13,3,2,5,1,2,0,0,3,4,5,2,1,3,1
E23000016,West Mercia,E22000332,South Worcester,Combined Local Authorities,,310800,133500,61,25,0,0,7,9,9,3,0,17,4,3,7,1,3,0,1,4,5,7,2,1,5,1
E23000016,West Mercia,E22000333,Telford and Wrekin,E06000020,Telford and Wrekin,181300,71400,75,34,0,0,9,12,13,4,1,18,3,2,6,1,3,0,1,6,5,8,2,1,6,2
E23000016,West Mercia,,Unassigned West Mercia,,,[x],[x],[x],[x],[x],[x],[x],[x],[x],[x],[x],[x],[x],[x],[x],[x],[x],[x],[x],[x],[x],[x],[x],[x],[x],[x]
E23000014,West Midlands,,,,,2939900,1142000,103,47,0,0,12,17,17,3,2,28,6,5,12,1,9,1,1,4,6,7,2,1,10,2
E23000014,West Midlands,E22000335,Birmingham,E08000025,Birmingham,1140500,423900,117,54,0,0,14,20,19,4,3,30,7,6,16,1,10,1,1,4,7,7,3,2,12,2
E23000014,West Midlands,E22000336,Coventry,E08000026,Coventry,379400,147000,90,40,0,0,10,14,15,3,2,25,5,4,10,1,9,1,1,4,6,6,2,1,9,2
E23000014,West Midlands,E22000337,Dudley,E08000027,Dudley,322400,134400,81,38,0,0,10,13,15,2,1,22,5,4,10,1,7,0,0,4,4,6,1,1,8,2
E23000014,West Midlands,E22000338,Sandwell,E08000028,Sandwell,329000,127100,103,47,0,0,12,17,18,3,2,28,6,4,11,2,10,1,1,5,6,6,2,1,10,2
E23000014,West Midlands,E22000339,Solihull,E08000029,Solihull,217500,90500,75,29,0,0,7,11,11,2,1,26,6,5,12,1,10,0,1,4,5,4,2,1,7,2
E23000014,West Midlands,,Unassigned West Midlands,,,[x],[x],[x],[x],[x],[x],[x],[x],[x],[x],[x],[x],[x],[x],[x],[x],[x],[x],[x],[x],[x],[x],[x],[x],[x],[x]
E23000014,West Midlands,E22000340,Walsall,E08000030,Walsall,286700,112700,97,44,0,0,12,16,16,3,2,26,6,4,10,2,9,0,1,4,6,7,2,1,10,2
E23000014,West Midlands,E22000341,Wolverhampton,E08000031,Wolverhampton,264400,106400,111,54,0,0,14,20,19,4,2,28,6,4,10,2,9,1,1,5,7,7,2,2,11,3
E23000010,West Yorkshire,,,,,2345200,959500,112,47,0,0,10,17,20,3,1,25,6,4,11,1,6,1,1,5,7,12,4,1,15,3
E23000010,West Yorkshire,E22000342,Bradford,E08000032,Bradford,542100,203700,125,56,0,0,12,21,23,4,1,25,7,5,13,2,6,1,0,4,7,13,5,1,16,4
E23000010,West Yorkshire,E22000343,Calderdale,E08000033,Calderdale,211400,93300,105,46,0,0,10,16,20,4,1,21,5,3,7,1,5,1,0,4,7,11,3,1,14,3
E23000010,West Yorkshire,E22000344,Kirklees,E08000034,Kirklees,441300,180300,93,41,0,0,9,14,18,3,1,19,4,3,8,1,5,0,0,4,6,10,2,1,14,2
E23000010,West Yorkshire,E22000345,Leeds,E08000035,Leeds,798800,331900,116,46,0,0,10,17,18,3,1,30,7,5,13,1,7,1,1,6,8,12,4,1,15,3
E23000010,West Yorkshire,,Unassigned West Yorkshire,,,[x],[x],[x],[x],[x],[x],[x],[x],[x],[x],[x],[x],[x],[x],[x],[x],[x],[x],[x],[x],[x],[x],[x],[x],[x],[x]
E23000010,West Yorkshire,E22000346,Wakefield,E08000036,Wakefield,351600,150300,108,46,0,0,10,15,21,3,1,25,5,4,9,1,5,1,1,7,8,12,3,1,15,3
E23000038,Wiltshire,,,,,727000,306100,53,22,0,0,8,9,5,2,0,13,2,1,3,1,3,0,1,3,4,7,2,0,5,1
E23000038,Wiltshire,E22000350,Swindon,E06000030,Swindon,222900,94500,66,27,0,0,9,11,7,3,1,18,2,2,4,1,4,0,1,5,4,8,3,1,6,1
E23000038,Wiltshire,E22000361,Wiltshire,E06000054,Wiltshire,504100,211700,46,19,0,0,7,8,5,2,0,11,2,1,3,1,2,0,0,3,3,6,2,0,4,1
